,precision,recall,f1-score,support
п1д,0.7777777777777778,0.7241379310344828,0.75,29.0
п1д огл,0.9555555555555556,0.8775510204081632,0.9148936170212767,49.0
п2д,0.88,0.7857142857142857,0.830188679245283,84.0
п2д огл,0.9069767441860465,0.9512195121951219,0.9285714285714286,41.0
п3д,0.7252747252747253,0.9041095890410958,0.8048780487804877,73.0
п3д огл,0.90625,0.725,0.8055555555555555,40.0
пд пов огл,0.6818181818181818,0.75,0.7142857142857143,20.0
т1п пов огл,0.6,0.75,0.6666666666666665,4.0
accuracy,0.8294117647058824,0.8294117647058824,0.8294117647058824,0.8294117647058824
macro avg,0.8042066230765359,0.8084665422991436,0.8018799637658016,340.0
weighted avg,0.8403389496200713,0.8294117647058824,0.8303463694048638,340.0
