,feature,importance
0,numeric__osm_water_1,0.2255989203108949
1,numeric__height_1,0.16785536588992228
2,numeric__osm_waterbody_1,0.09959324066948229
3,numeric__rough_15x15_1,0.09469449482954957
4,numeric__osm_wetland_1,0.09177409453275845
5,numeric__osm_road_1,0.06540819343785205
6,numeric__relief_std_15x15_1,0.04531817664374819
7,numeric__rough_7x7_1,0.04235267992331536
8,numeric__tpi_15x15_1,0.030433372566869288
9,numeric__aspect_sin,0.019341283088348572
10,numeric__tpi_7x7_1,0.014895231003971138
11,numeric__aspect_cos,0.012395810343221347
12,numeric__relief_std_7x7_1,0.012013713594829525
13,numeric__TRI_1,0.01041264752031209
14,numeric__tangential_1,0.008369738711402366
15,numeric__dist_stream_1,0.008263280816678277
16,numeric__profile_1,0.007613389996096383
17,numeric__twi_1,0.007368367995334247
18,numeric__relief_std_3x3_1,0.0058494028496536765
19,numeric__flow_1,0.0055525239958948945
20,numeric__TPI_1,0.005340239065065997
21,numeric__roughness_1,0.005121649936647948
22,numeric__tpi_3x3_1,0.005093142819702419
23,numeric__rough_3x3_1,0.005063775507773414
24,numeric__slope_1,0.004277263950675288
